id|exercise|reps|work_id|week_id
1|сед|6|1|1
2|квадрицепс тренажер|8|1|1
3|жим лежа широким хватом|5|1|1
4|жим лежа широким хватом 2сек|2|1|1
5|жим гантелей лежа|6|1|1
6|грудь тренажер|8|1|1
7|пресс||1|1
8|жим стоя со стоек|5|2|1
9|отжимания от брусьев|5|2|1
10|подтягивания узким хвтом|5|2|1
11|широчайшая тренажер|6|2|1
12|тяга к подбородку|8|2|1
13|бицепс штанга|12|2|1
14|наклоны через козла||2|1
15|тяга сумо вис|6|3|1
16|наклоны средним хватом|8|3|1
17|жим лежа узким хватом|5|3|1
18|жим лежа узким хватом 2 сек|2|3|1
19|французкий жим лежа|6|3|1
20|трицепс тренажер|8|3|1
21|пресс||3|1
22|сед узкий|3|4|1
23|приводящая тренажер|6|4|1
24|жим лежа 45 тренажер|5|4|1
25|жим лежа 45 тренажер 2сек|2|4|1
26|бицепс кривой штангой|10|4|1
27|бицепс кроссовер|6|4|1
28|пресс||4|1
29|сед|5|5|2
30|квадрицепс тренажер|6|5|2
31|жим лежа широким хватом|4|5|2
32|жим лежа широким 1 подставка|2|5|2
33|разводка гантелей лежа|6|5|2
34|пулловер|8|5|2
35|пресс||5|2
36|жим стоя со стоек|4|6|2
37|отжимания от брусьев|4|6|2
38|подтягивания узким хвтом|4|6|2
39|широчайшая тренажер внутренний хват|6|6|2
40|тяга обратным хватом|8|6|2
41|бицепс гантели|8|6|2
42|наклоны через козла|10|6|2
43|тяга сумо вис|5|7|2
44|тяга толчковая|6|7|2
45|жим лежа узким хватом|4|7|2
46|жим лежа узким хватом 1 подставка|2|7|2
47|французкий жим лежа внутренний хват|6|7|2
48|трицепс лямка|8|7|2
49|пресс||7|2
50|сед тренажер|2|8|2
51|внешняя тренажер|4|8|2
52|жим лежа 45|4|8|2
53|хаммер|6|8|2
54|наклоны стоя со штангой|8|8|2
55|бицепс штанга|6|8|2
56|бицепс кроссовер фронтально верхний блок ко лбу|10|8|2
57|сед|4|9|3
58|квадрицепс тренажер|6|9|3
59|жим лежа широким хватом|3|9|3
60|жим лежа широким хватом 2сек|1|9|3
61|жим гантелей лежа|4|9|3
62|грудь тренажер|6|9|3
63|пресс||9|3
64|жим стоя со стоек|3|10|3
65|отжимания от брусьев|3|10|3
66|подтягивания узким хвтом|3|10|3
67|широчайшая фронтальная тренажер|6|10|3
68|жим гантелей сидя|8|10|3
69|бицепс кривой штангой|21|10|3
70|наклоны через козла|8|10|3
71|тяга сумо вис|4|11|3
72|тяга рывковая|6|11|3
73|жим лежа узким хватом|3|11|3
74|жим лежа узким хватом 2 сек|1|11|3
75|французкий жим сидя|4|11|3
76|трицепс гантеля|6|11|3
77|пресс||11|3
78|сед-стоп|2|12|3
79|бицепс ноги тренажер|6|12|3
80|жим лежа 45 тренажер|3|12|3
81|жим лежа 45 тренажер 2сек|1|12|3
82|наклоны стоя со штангой|4|12|3
83|бицепс с гантелей молот|10|12|3
84|бицепс кроссовер нижний блок|6|12|3
85|сед|3|13|4
86|квадрицепс тренажер|4|13|4
87|жим лежа широким хватом|2|13|4
88|жим лежа широким хватом 2 подставка|1|13|4
89|разводка гантелей лежа|4|13|4
90|кроссовер разводка в наклоне|6|13|4
91|пресс||13|4
92|жим сидя тренажер|2|14|4
93|отжимания от брусьев|2|14|4
94|подтягивания узким хвтом|2|14|4
95|широчайшая фронтально тренажер одной рукой|4|14|4
96|дельта тренажер|6|14|4
97|бицепс штанга|8|14|4
98|наклоны через козла|6|14|4
99|тяга сумо вис|3|15|4
100|румынская тяга|4|15|4
101|жим лежа узким хватом|2|15|4
102|жим лежа узким хватом 2 подставка|1|15|4
103|французкий жим стоя|4|15|4
104|трицепс одной рукой кроссовер|6|15|4
105|пресс||15|4
106|жим ногами тренажер|4|16|4
107|ножницы|6|16|4
108|жим лежа 45|2|16|4
109|разводка 45 кроссовер|4|16|4
110|наклоны стоя со штангой|6|16|4
111|бицепс кривой штангой|6|16|4
112|бицепс кроссовер одной рукой нижний|10|16|4
113|пресс||16|4
114|сед|2|17|5
115|квадрицепс тренажер|3|17|5
116|жим лежа широким хватом|1|17|5
117|жим лежа широким хватом 2сек|2|17|5
118|жим гантелей лежа|3|17|5
119|грудь тренажер|4|17|5
120|пресс||17|5
121|жим сидя тренажер|1|18|5
122|отжимания от брусьев|1|18|5
123|подтягивания узким хвтом|1|18|5
124|широчайшая тяга штанги в наклоне|4|18|5
125|разводка гантелей в стороны|6|18|5
126|бицепс гантелей скотт|12|18|5
127|наклоны через козла|12|18|5
128|тяга сумо вис|2|19|5
129|наклоны средним хватом|3|19|5
130|жим лежа узким хватом|1|19|5
131|жим лежа узким хватом 2 сек|2|19|5
132|французкий жим лежа|3|19|5
133|трицепс лямка кроссовер|4|19|5
134|пресс||19|5
135|сед узкий|1|20|5
136|сед скамья|3|20|5
137|приводящая тренажер|4|20|5
138|жим лежа 45 тренажер|1|20|5
139|жим лежа 45 тренажер 2сек|2|20|5
140|наклоны стоя со штангой|4|20|5
141|бицепс штанга|10|20|5
142|бицепс сидя тренажер фронтально, руки вытянуты вперед|6|20|5
143|сед|1|21|6
144|квадрицепс тренажер|3|21|6
145|жим лежа широким хватом|5|21|6
146|жим лежа широким 1 подставка|3|21|6
147|жим лежа широким хватом 2 подставка|1|21|6
148|разводка лежа кроссовер|4|21|6
149|пресс||21|6
150|жим стоя со стоек|5|22|6
151|отжимания от брусьев|5|22|6
152|подтягивания узким хвтом|5|22|6
153|широчайшая гантеля|6|22|6
154|разводка гантелей в наклоне|8|22|6
155|бицепс кривой штангой|8|22|6
156|наклоны через козла|10|22|6
157|тяга сумо|1|23|6
158|тяга толчковая|3|23|6
159|подтягивания узким хвтом|5|23|6
160|жим лежа узким хватом 1 подставка|3|23|6
161|жим лежа узким хватом 2 подставка|1|23|6
162|французкий жим лежа кроссовер|4|23|6
163|пресс||23|6
164|сед тренажер|3|24|6
165|внешняя тренажер|6|24|6
166|жим лежа 45|5|24|6
167|разводка гантелей 45|6|24|6
168|наклоны стоя со штангой|8|24|6
169|бицепс гантелей сидя|6|24|6
170|бицепс кроссовер|10|24|6
171|пресс||24|6
172|сед|5|25|7
173|жим лежа широким хватом|4|25|7
174|жим лежа широким хватом 2сек|2|25|7
175|грудь тренажер|6|25|7
176|пресс||25|7
177|жим стоя со стоек|4|26|7
178|отжимания от брусьев|4|26|7
179|подтягивания узким хвтом|4|26|7
180|бицепс штанга|"4| 6| 8| 10"|26|7
181|пресс||26|7
182|тяга сумо вис|5|27|7
183|жим лежа узким хватом|4|27|7
184|жим лежа узким хватом 2 сек|2|27|7
185|трицепс тренажер|6|27|7
186|пресс||27|7
187|сед|4|28|8
188|квадрицепс тренажер|6|28|8
189|жим лежа широким хватом|3|28|8
190|жим лежа широким 1 подставка|1|28|8
191|разводка гантелей лежа|4|28|8
192|кроссовер разводка в наклоне|6|28|8
193|пресс||28|8
194|жим стоя со стоек|3|29|8
195|отжимания от брусьев|3|29|8
196|подтягивания узким хвтом|3|29|8
197|широчайшая кроссовер|4|29|8
198|подъем гантелей перед собой|6|29|8
199|бицепс кривой штангой|10|29|8
200|наклоны через козла|8|29|8
201|тяга сумо вис|4|30|8
202|тяга рывковая|6|30|8
203|жим лежа узким хватом|3|30|8
204|жим лежа узким хватом 1 подставка|1|30|8
205|французкий жим лежа внутренний хват|4|30|8
206|трицепс лямка|6|30|8
207|пресс||30|8
208|сед-стоп|2|31|8
209|бицепс ноги тренажер|4|31|8
210|жим лежа 45 тренажер|3|31|8
211|хаммер|4|31|8
212|наклоны стоя со штангой|6|31|8
213|бицепс гантели|8|31|8
214|бицепс кроссовер фронтально верхний блок ко лбу|12|31|8
215|пресс||31|8
216|сед|3|32|9
217|квадрицепс тренажер|4|32|9
218|жим лежа широким хватом|2|32|9
219|жим лежа широким хватом 2сек|1|32|9
220|жим гантелей лежа|3|32|9
221|грудь тренажер|4|32|9
222|пресс||32|9
223|жим сидя тренажер|2|33|9
224|отжимания от брусьев|2|33|9
225|подтягивания узким хвтом|2|33|9
226|широчайшая лямка кроссовер|4|33|9
227|бицепс штанга|6|33|9
228|наклоны через козла|6|33|9
229|перекрестная разводка кроссовер|6|34|9
230|тяга сумо вис|3|34|9
231|румынская тяга|4|34|9
232|жим лежа узким хватом|2|34|9
233|жим лежа узким хватом 2 сек|1|34|9
234|французкий жим сидя|3|34|9
235|трицепс гантеля|4|34|9
236|пресс||34|9
237|жим ногами тренажер|4|35|9
238|ножницы|6|35|9
239|жим лежа 45|2|35|9
240|жим лежа 45 2 сек|1|35|9
241|наклоны стоя со штангой|4|35|9
242|бицепс кривой штангой|21|35|9
243|бицепс кроссовер нижний блок|8|35|9
244|сед|2|36|10
245|квадрицепс тренажер|3|36|10
246|жим лежа широким хватом|1|36|10
247|жим лежа широким хватом 2 подставка|2|36|10
248|разводка гантелей лежа|3|36|10
249|кроссовер разводка в наклоне|4|36|10
250|пресс||36|10
251|жим сидя тренажер|1|37|10
252|отжимания от брусьев|1|37|10
253|подтягивания узким хвтом|1|37|10
254|широчайшая кроссовер верхний блок|4|37|10
255|дельта кроссовер|6|37|10
256|бицепс с гантелей молот|10|37|10
257|наклоны через козла|12|37|10
258|тяга сумо подставка|2|38|10
259|наклоны средним хватом|3|38|10
260|жим лежа узким хватом|1|38|10
261|жим лежа узким хватом 2 подставка|2|38|10
262|французкий жим стоя|3|38|10
263|трицепс кроссовер|4|38|10
264|пресс||38|10
265|сед узкий|1|39|10
266|сед скамья|3|39|10
267|приводящая тренажер|4|39|10
268|жим лежа 45|1|39|10
269|разводка 45 кроссовер|3|39|10
270|наклоны стоя со штангой|4|39|10
271|бицепс штанга|8|39|10
272|бицепс кроссовер одной рукой нижний|12|39|10
273|сед|1|40|11
274|квадрицепс тренажер|3|40|11
275|жим лежа широким хватом|4|40|11
276|жим лежа широким хватом 2сек|2|40|11
277|жим гантелей лежа|3|40|11
278|грудь тренажер|6|40|11
279|пресс||40|11
280|жим стоя со стоек|4|41|11
281|отжимания от брусьев|4|41|11
282|подтягивания узким хвтом|4|41|11
283|широчайшая тренажер|6|41|11
284|тяга к подбородку|8|41|11
285|бицепс кривой штангой|6|41|11
286|наклоны через козла|10|41|11
287|тяга сумо|1|42|11
288|тяга толчковая|3|42|11
289|жим лежа узким хватом|4|42|11
290|жим лежа узким хватом 2 сек|2|42|11
291|французкий жим лежа|3|42|11
292|трицепс кроссовер|6|42|11
293|пресс||42|11
294|сед тренажер|3|43|11
295|внешняя тренажер|4|43|11
296|жим лежа 45 тренажер|4|43|11
297|жим лежа 45 тренажер 2сек|2|43|11
298|наклоны стоя со штангой|6|43|11
299|бицепс скотт|12|43|11
300|бицепс сидя тренажер фронтально, руки вытянуты вперед|8|43|11
301|сед|4|44|12
302|жим лежа широким хватом|3|44|12
303|жим лежа широким хватом 2сек|1|44|12
304|грудь тренажер|4|44|12
305|пресс||44|12
306|жим стоя со стоек|3|45|12
307|отжимания от брусьев|3|45|12
308|подтягивания узким хвтом|3|45|12
309|бицепс штанга|10|45|12
310|тяга сумо вис|4|46|12
311|жим лежа узким хватом|3|46|12
312|жим лежа узким хватом 2 сек|1|46|12
313|трицепс кроссовер|4|46|12
314|пресс||46|12
315|сед|3|47|13
316|квадрицепс тренажер|4|47|13
317|жим лежа широким хватом|2|47|13
318|жим лежа широким 1 подставка|1|47|13
319|жим лежа широким хватом 2 подставка|3|47|13
320|разводка лежа кроссовер|4|47|13
321|пресс||47|13
322|жим стоя со стоек|2|48|13
323|отжимания от брусьев|2|48|13
324|подтягивания узким хвтом|2|48|13
325|широчайшая тренажер внутренний хват|4|48|13
326|тяга обратным хватом|6|48|13
327|бицепс кривой штангой|8|48|13
328|наклоны через козла|8|48|13
329|пресс||48|13
330|тяга колодец|2|49|13
331|тяга сумо с плинтов|3|49|13
332|тяга рывковая|4|49|13
333|жим лежа узким хватом|2|49|13
334|жим лежа узким хватом 1 подставка|1|49|13
335|жим лежа узким хватом 2 подставка|3|49|13
336|трицепс кроссовер лямка|4|49|13
337|пресс||49|13
338|сед-стоп|1|50|13
339|сед скамья|3|50|13
340|бицепс ноги тренажер|4|50|13
341|жим лежа 45|2|50|13
342|разводка гантелей 45|4|50|13
343|наклоны стоя со штангой|6|50|13
344|бицепс гантелей сидя|6|50|13
345|бицепс кроссовер|10|50|13
346|жим лежа средним хватом тренажер|2|51|13
347|жим лежа средним хватом тренажер 1 подставка|1|51|13
348|жим лежа средним хватом тренажер 2 подставка|3|51|13
349|подтягивания широким хватом|2|51|13
350|французкий жим лежа кроссовер|4|51|13
351|трапеция|15|51|13
352|пресс||51|13
353|сед|2|52|14
354|квадрицепс тренажер|3|52|14
355|жим лежа широким хватом|1|52|14
356|жим лежа широким хватом 2сек|2|52|14
357|жим гантелей лежа|3|52|14
358|грудь тренажер|4|52|14
359|пресс||52|14
360|жим сидя тренажер|1|53|14
361|отжимания от брусьев|1|53|14
362|подтягивания узким хвтом|1|53|14
363|широчайшая фронтально тренажер|4|53|14
364|жим гантелей сидя|6|53|14
365|бицепс штанга|"4| 6| 8| 10"|53|14
366|наклоны через козла|6|53|14
367|пресс||53|14
368|сед колодец|4|54|14
369|тяга сумо подставка|2|54|14
370|румынская тяга|3|54|14
371|жим лежа узким хватом|1|54|14
372|жим лежа узким хватом 2 сек|2|54|14
373|французкий жим лежа внутренний хват|3|54|14
374|трицепс тренажер|4|54|14
375|пресс||54|14
376|жим ногами тренажер|3|55|14
377|ножницы||55|14
378|жим лежа 45 тренажер|1|55|14
379|жим лежа 45 тренажер 2сек|2|55|14
380|наклоны стоя со штангой|4|55|14
381|бицепс кривой штангой|10|55|14
382|бицепс кроссовер фронтально верхний блок ко лбу|6|55|14
383|пресс||55|14
384|сед|1|56|15
385|квадрицепс тренажер|3|56|15
386|жим лежа широким хватом|4|56|15
387|жим лежа широким 1 подставка|2|56|15
388|разводка гантелей лежа|3|56|15
389|пулловер|6|56|15
390|пресс||56|15
391|жим стоя со стоек|4|57|15
392|отжимания от брусьев|4|57|15
393|подтягивания узким хвтом|4|57|15
394|широчайшая фронтально тренажер одной рукой|6|57|15
395|дельта тренажер|8|57|15
396|бицепс гантели|8|57|15
397|наклоны через козла|12|57|15
398|пресс||57|15
399|сед колодец|2|58|15
400|тяга сумо вис|1|58|15
401|наклоны средним хватом|3|58|15
402|жим лежа узким хватом|4|58|15
403|жим лежа узким хватом 1 подставка|2|58|15
404|французкий жим сидя|3|58|15
405|трицепс лямка|6|58|15
406|сед узкий|2|59|15
407|приводящая тренажер|4|59|15
408|жим лежа 45|4|59|15
409|хаммер|6|59|15
410|наклоны стоя со штангой|8|59|15
411|бицепс штанга|6|59|15
412|бицепс кроссовер нижний блок|10|59|15
413|пресс||59|15
414|жим лежа 45 вниз головой тренажер|4|60|15
415|подтягивания кроссовер|4|60|15
416|трицепс гантеля|6|60|15
417|трапеция|12|60|15
418|пресс||60|15
419|сед|4|61|16
420|жим лежа широким хватом|3|61|16
421|жим лежа широким хватом 2сек|1|61|16
422|грудь тренажер|4|61|16
423|пресс||61|16
424|жим стоя со стоек|3|62|16
425|отжимания от брусьев|3|62|16
426|подтягивания узким хвтом|3|62|16
427|бицепс кривой штангой|21|62|16
428|пресс||62|16
429|тяга сумо вис|4|63|16
430|жим лежа узким хватом|3|63|16
431|жим лежа узким хватом 2 сек|1|63|16
432|трицепс кроссовер|4|63|16
433|пресс||63|16
434|сед|3|64|17
435|квадрицепс тренажер|4|64|17
436|жим лежа широким хватом|2|64|17
437|жим лежа широким хватом 2 подставка|1|64|17
438|разводка гантелей лежа|3|64|17
439|кроссовер разводка в наклоне|4|64|17
440|пресс||64|17
441|жим сидя со стоек|2|65|17
442|отжимания от брусьев|2|65|17
443|подтягивания узким хвтом|2|65|17
444|широчайшая тяга штанги в наклоне|4|65|17
445|разводка гантелей в стороны|6|65|17
446|бицепс с гантелей молот|10|65|17
447|наклоны через козла|10|65|17
448|тяга колодец|2|66|17
449|сумо 2 плинта|3|66|17
450|тяга толчковая|4|66|17
451|жим лежа узким хватом|2|66|17
452|жим лежа узким хватом 2 подставка|1|66|17
453|французкий жим стоя|3|66|17
454|трицепс кроссовер|4|66|17
455|сед тренажер|1|67|17
456|внешняя тренажер|4|67|17
457|жим лежа 45 тренажер|2|67|17
458|разводка 45 кроссовер|3|67|17
459|наклоны стоя со штангой|4|67|17
460|бицепс штанга|8|67|17
461|бицепс кроссовер одной рукой нижний|12|67|17
462|жим лежа средним хватом тренажер|2|68|17
463|жим лежа средним хватом тренажер 2 подставка|1|68|17
464|подтягивания широким хватом|2|68|17
465|трицепс лямка кроссовер|3|68|17
466|трапеция|15|68|17
467|наклоны через козла|10|68|17
468|сед|2|69|18
469|квадрицепс тренажер|3|69|18
470|жим лежа широким хватом|1|69|18
471|жим лежа широким хватом 2сек|2|69|18
472|жим гантелей лежа|3|69|18
473|грудь тренажер|4|69|18
474|пресс||69|18
475|жим сидя тренажер|1|70|18
476|отжимания от брусьев|1|70|18
477|подтягивания узким хвтом|1|70|18
478|широчайшая гантеля|3|70|18
479|разводка гантелей в наклоне|4|70|18
480|бицепс кривой штангой|6|70|18
481|наклоны через козла|8|70|18
482|сед колодец|4|71|18
483|тяга сумо подставка|2|71|18
484|тяга рывковая|3|71|18
485|жим лежа узким хватом|1|71|18
486|жим лежа узким хватом 2 сек|2|71|18
487|французкий жим лежа|3|71|18
488|французкий жим лежа кроссовер|4|71|18
489|сед-стоп|1|72|18
490|бицепс ноги тренажер|4|72|18
491|жим лежа 45 тренажер|1|72|18
492|жим лежа 45 тренажер 2сек|2|72|18
493|наклоны стоя со штангой|4|72|18
494|бицепс гантелей скотт|12|72|18
495|бицепс сидя тренажер фронтально, руки вытянуты вперед|8|72|18
496|сед|1|73|19
497|квадрицепс тренажер|3|73|19
498|жим лежа широким хватом|4|73|19
499|жим лежа широким 1 подставка|2|73|19
1300|сед|3|196|49
500|жим лежа широким хватом 2 подставка|1|73|19
501|разводка лежа кроссовер|3|73|19
502|пресс||73|19
503|жим стоя со стоек|4|74|19
504|отжимания от брусьев|4|74|19
505|подтягивания узким хвтом|4|74|19
506|широчайшая кроссовер|6|74|19
507|подъем гантелей перед собой|8|74|19
508|бицепс штанга|10|74|19
509|наклоны через козла|6|74|19
510|сед колодец|2|75|19
511|тяга сумо вис|1|75|19
512|румынская тяга|3|75|19
513|жим лежа узким хватом|4|75|19
514|жим лежа узким хватом 1 подставка|2|75|19
515|жим лежа узким хватом 2 подставка|1|75|19
516|трицепс тренажер|3|75|19
517|пресс||75|19
518|жим ногами тренажер|3|76|19
519|ножницы|4|76|19
520|жим лежа 45 тренажер|4|76|19
521|разводка гантелей 45|6|76|19
522|наклоны стоя со штангой|8|76|19
523|бицепс кривой штангой|8|76|19
524|бицепс кроссовер|12|76|19
525|жим лежа 45 вниз головой|4|77|19
526|подтягивания кроссовер|4|77|19
527|трицепс гантеля|6|77|19
528|трапеция|12|77|19
529|предплечье||77|19
530|икры|30|77|19
531|пресс||77|19
532|сед|4|78|20
533|жим лежа широким хватом|3|78|20
534|жим лежа широким хватом 2сек|1|78|20
535|грудь тренажер|4|78|20
536|пресс||78|20
537|жим стоя со стоек|3|79|20
538|отжимания от брусьев|3|79|20
539|подтягивания узким хвтом|3|79|20
540|бицепс гантелей сидя|6|79|20
541|пресс||79|20
542|тяга сумо вис|4|80|20
543|жим лежа узким хватом|3|80|20
544|жим лежа узким хватом 2 сек|1|80|20
545|трицепс гантеля|4|80|20
546|пресс||80|20
547|сед|3|81|21
548|квадрицепс тренажер|4|81|21
549|жим лежа широким хватом|2|81|21
550|жим лежа широким 1 подставка|1|81|21
551|разводка гантелей лежа|3|81|21
552|пулловер|4|81|21
553|жим сидя тренажер|2|82|21
554|отжимания от брусьев|2|82|21
555|подтягивания узким хвтом|2|82|21
556|широчайшая лямка кроссовер|4|82|21
557|перекрестная разводка кроссовер|6|82|21
558|бицепс штанга|"4| 6| 8| 10"|82|21
559|наклоны через козла|12|82|21
560|тяга колодец|2|83|21
561|тяга сумо с плинтов|3|83|21
562|наклоны средним хватом|4|83|21
563|жим лежа узким хватом|2|83|21
564|жим лежа узким хватом 1 подставка|1|83|21
565|французкий жим лежа внутренний хват|3|83|21
566|трицепс кроссовер|4|83|21
567|сед узкий|1|84|21
568|приводящая тренажер|4|84|21
569|жим лежа 45|2|84|21
570|хаммер|4|84|21
571|наклоны стоя со штангой|6|84|21
572|бицепс кривой штангой|10|84|21
573|бицепс кроссовер фронтально верхний блок ко лбу|6|84|21
574|пресс||84|21
575|жим лежа средним хватом тренажер|2|85|21
576|жим лежа средним хватом тренажер 1 подставка|1|85|21
577|подтягивания широким хватом|2|85|21
578|трицепс кроссовер|4|85|21
579|трапеция|15|85|21
580|икры|10|85|21
581|предплечье||85|21
582|сед|2|86|22
583|квадрицепс тренажер|3|86|22
584|жим лежа широким хватом|1|86|22
585|жим лежа широким хватом 2сек|2|86|22
586|жим гантелей лежа|3|86|22
587|грудь тренажер|4|86|22
588|пресс||86|22
589|жим сидя тренажер|1|87|22
590|отжимания от брусьев|1|87|22
591|подтягивания узким хвтом|1|87|22
592|широчайшая верхний блок кроссовер|4|87|22
593|дельта кроссовер|6|87|22
594|бицепс гантели|8|87|22
595|наклоны через козла|10|87|22
596|сед колодец|4|88|22
597|тяга сумо подставка|2|88|22
598|тяга толчковая|3|88|22
599|жим лежа узким хватом|1|88|22
600|жим лежа узким хватом 2 сек|2|88|22
601|французкий жим сидя|3|88|22
602|трицепс лямка кроссовер|4|88|22
603|пресс||88|22
604|сед тренажер|1|89|22
605|внешняя тренажер|4|89|22
606|жим лежа 45 тренажер|1|89|22
607|жим лежа 45 тренажер 2сек|2|89|22
608|наклоны стоя со штангой|4|89|22
609|бицепс гантели|6|89|22
610|бицепс кроссовер нижний блок|10|89|22
611|пресс||89|22
612|сед|1|90|23
613|квадрицепс тренажер|3|90|23
614|жим лежа широким хватом|4|90|23
615|жим лежа широким хватом 2 подставка|2|90|23
616|разводка гантелей лежа|3|90|23
617|кроссовер разводка в наклоне|4|90|23
618|пресс||90|23
619|жим стоя со стоек|4|91|23
620|отжимания от брусьев|4|91|23
621|подтягивания узким хвтом|4|91|23
622|широчайшая тренажер|6|91|23
623|тяга к подбородку|8|91|23
624|бицепс кривой штангой|21|91|23
625|наклоны через козла|8|91|23
626|сед колодец|2|92|23
627|тяга сумо|1|92|23
628|тяга рывковая|3|92|23
629|жим лежа узким хватом|4|92|23
630|жим лежа узким хватом 2 подставка|2|92|23
631|французкий жим стоя|3|92|23
632|французкий жим лежа кроссовер|6|92|23
633|пресс||92|23
634|сед-стоп|2|93|23
635|бицепс ноги тренажер|4|93|23
636|жим лежа 45 тренажер|4|93|23
637|разводка 45 кроссовер|3|93|23
638|наклоны стоя со штангой|6|93|23
639|бицепс с гантелей молот|10|93|23
640|бицепс кроссовер одной рукой нижний|6|93|23
641|пресс||93|23
642|жим лежа 45 вниз головой тренажер|4|94|23
643|подтягивания кроссовер|4|94|23
644|трицепс тренажер|6|94|23
645|пресс||94|23
646|сед|4|95|24
647|жим лежа широким хватом|3|95|24
648|жим лежа широким хватом 2сек|1|95|24
649|грудь тренажер|4|95|24
650|пресс||95|24
651|жим стоя со стоек|3|96|24
652|отжимания от брусьев|3|96|24
653|подтягивания узким хвтом|3|96|24
654|бицепс штанга|8|96|24
655|пресс||96|24
656|тяга сумо вис|4|97|24
657|жим лежа узким хватом|3|97|24
658|жим лежа узким хватом 2 сек|1|97|24
659|трицепс лямка|4|97|24
660|пресс||97|24
661|сед|3|98|25
662|квадрицепс тренажер|4|98|25
663|жим лежа широким хватом|2|98|25
664|жим лежа широким 1 подставка|1|98|25
665|жим лежа широким хватом 2 подставка|3|98|25
666|разводка лежа кроссовер|4|98|25
667|пресс||98|25
668|жим сидя со стоек|2|99|25
669|отжимания от брусьев|2|99|25
670|подтягивания узким хвтом|2|99|25
671|широчайшая тренажер внутренний хват|4|99|25
672|тяга обратным хватом|6|99|25
673|бицепс кривой штангой|6|99|25
674|наклоны через козла|6|99|25
675|тяга колодец|2|100|25
676|тяга сумо с плинтов|3|100|25
677|румынская тяга|4|100|25
678|жим лежа узким хватом|2|100|25
679|жим лежа широким 1 подставка|1|100|25
680|жим лежа широким хватом 2 подставка|3|100|25
681|трицепс гантеля|4|100|25
682|жим ногами тренажер|4|101|25
683|ножницы|6|101|25
684|жим лежа 45 тренажер|2|101|25
685|разводка гантелей 45|4|101|25
686|наклоны стоя со штангой|6|101|25
687|бицепс скотт|12|101|25
688|бицепс сидя тренажер фронтально, руки вытянуты вперед|8|101|25
689|жим лежа средним хватом тренажер|2|102|25
690|жим лежа средним хватом тренажер 1 подставка|1|102|25
691|жим лежа средним хватом тренажер 2 подставка|3|102|25
692|подтягивания широким хватом|2|102|25
693|трицепс кроссовер|4|102|25
694|пресс||102|25
695|сед|2|103|26
696|квадрицепс тренажер|3|103|26
697|жим лежа широким хватом|1|103|26
698|жим лежа широким хватом 2сек|2|103|26
699|жим гантелей лежа|3|103|26
700|грудь тренажер|4|103|26
701|пресс||103|26
702|жим сидя тренажер|1|104|26
703|отжимания от брусьев|1|104|26
704|подтягивания узким хвтом|1|104|26
705|широчайшая фронтальная тренажер|4|104|26
706|жим гантелей сидя|6|104|26
707|бицепс штанга|10|104|26
708|наклоны через козла|12|104|26
709|сед колодец|4|105|26
710|тяга сумо|2|105|26
711|наклоны средним хватом|3|105|26
712|жим лежа узким хватом|1|105|26
713|жим лежа узким хватом 2 сек|2|105|26
714|французкий жим лежа|3|105|26
715|трицепс кроссовер|4|105|26
716|сед узкий|1|106|26
717|приводящая тренажер|4|106|26
718|жим лежа 45|1|106|26
719|жим лежа 45 2 сек|2|106|26
720|наклоны стоя со штангой|4|106|26
721|бицепс кривой штангой|8|106|26
722|бицепс кроссовер|12|106|26
723|сед|1|107|27
724|квадрицепс тренажер|3|107|27
725|жим лежа широким хватом|4|107|27
726|жим лежа широким 1 подставка|2|107|27
727|разводка гантелей лежа|3|107|27
728|пулловер|6|107|27
729|пресс||107|27
730|жим стоя со стоек|4|108|27
731|отжимания от брусьев|4|108|27
732|подтягивания узким хвтом|4|108|27
733|широчайшая фронтальная тренажер одной рукой|6|108|27
734|дельта тренажер|8|108|27
735|бицепс гантелей сидя|6|108|27
736|наклоны через козла|10|108|27
737|сед колодец|2|109|27
738|тяга сумо вис|1|109|27
739|тяга толчковая|3|109|27
740|жим лежа узким хватом|4|109|27
741|жим лежа узким хватом 2 подставка|2|109|27
742|французкий жим лежа внутренний хват|3|109|27
743|трицепс лямка кроссовер|6|109|27
744|пресс||109|27
745|сед тренажер|3|110|27
746|внешняя тренажер|4|110|27
747|жим лежа 45 тренажер|4|110|27
748|хаммер|3|110|27
749|наклоны стоя со штангой|6|110|27
750|бицепс штанга|4,6,8,10|110|27
751|бицепс кроссовер фронтально верхний блок ко лбу|8|110|27
752|жим лежа 45 вниз головой|4|111|27
753|подтягивания кроссовер|4|111|27
754|французкий жим лежа кроссовер|6|111|27
755|пресс||111|27
756|сед|4|112|28
757|жим лежа широким хватом|3|112|28
758|жим лежа широким хватом 2сек|1|112|28
759|грудь тренажер|4|112|28
760|пресс||112|28
761|жим стоя со стоек|3|113|28
762|отжимания от брусьев|3|113|28
763|подтягивания узким хвтом|3|113|28
764|бицепс кривой штангой|10|113|28
765|пресс||113|28
766|сед|3|114|29
767|квадрицепс тренажер|4|114|29
768|жим лежа широким хватом|2|114|29
769|жим лежа широким 1 подставка|1|114|29
770|пулловер|4|114|29
771|пресс||114|29
772|жим стоя со стоек|2|115|29
773|отжимания от брусьев|2|115|29
774|подтягивания узким хвтом|2|115|29
775|широчайшая тренажер|4|115|29
776|тяга к подбородку|6|115|29
777|бицепс кривой штангой|10|115|29
778|наклоны через козла|12|115|29
779|пресс||115|29
780|тяга сумо вис|3|116|29
781|наклоны средним хватом|4|116|29
782|жим лежа узким хватом|2|116|29
783|жим лежа узким хватом 1 подставка|1|116|29
784|трицепс лямка|4|116|29
785|пресс||116|29
786|сед|2|117|30
787|квадрицепс тренажер|3|117|30
788|жим лежа широким хватом|1|117|30
789|жим лежа широким хватом 2сек|2|117|30
790|жим гантелей лежа|3|117|30
791|грудь тренажер|4|117|30
792|пресс||117|30
793|жим сидя тренажер|1|118|30
794|отжимания от брусьев|1|118|30
795|подтягивания узким хвтом|1|118|30
796|широчайшая тренажер внутренний хват|4|118|30
797|тяга обратным хватом|6|118|30
798|бицепс гантели|8|118|30
799|наклоны через козла|10|118|30
800|пресс||118|30
801|тяга сумо|2|119|30
802|тяга толчковая|3|119|30
803|жим лежа узким хватом|1|119|30
804|жим лежа узким хватом 2 сек|2|119|30
805|французкий жим лежа|3|119|30
806|трицепс гантеля|4|119|30
807|пресс||119|30
808|сед узкий|1|120|30
809|приводящая тренажер|4|120|30
810|жим лежа 45 тренажер|1|120|30
811|жим лежа 45 тренажер 2сек|2|120|30
812|бицепс штанга|6|120|30
813|бицепс кроссовер|10|120|30
814|пресс||120|30
815|сед|1|121|31
816|квадрицепс тренажер|3|121|31
817|жим лежа широким хватом|4|121|31
818|жим лежа широким хватом 2 подставка|2|121|31
819|разводка гантелей лежа|3|121|31
820|кроссовер разводка в наклоне|6|121|31
821|пресс||121|31
822|жим стоя со стоек|4|122|31
823|отжимания от брусьев|4|122|31
824|подтягивания узким хвтом|4|122|31
825|широчайшая фронтальная тренажер|6|122|31
826|жим гантелей сидя|8|122|31
827|бицепс кривой штангой|2|122|31
828|наклоны через козла|8|122|31
829|пресс||122|31
830|тяга сумо|1|123|31
831|тяга рывковая|3|123|31
832|жим лежа узким хватом|4|123|31
833|жим лежа узким хватом 2 подставка|2|123|31
834|французкий жим лежа внутренний хват|3|123|31
835|трицепс кроссовер|6|123|31
836|пресс||123|31
837|сед тренажер|3|124|31
838|внешняя тренажер|4|124|31
839|жим лежа 45|4|124|31
840|наклоны стоя со штангой|6|124|31
841|бицепс с гантелей молот|10|124|31
842|бицепс кроссовер фронтально верхний блок ко лбу|6|124|31
843|пресс||124|31
844|сед|4|125|32
845|жим лежа широким хватом|3|125|32
846|жим лежа широким хватом 2сек|1|125|32
847|грудь тренажер|4|125|32
848|пресс||125|32
849|жим стоя со стоек|3|126|32
850|отжимания от брусьев|3|126|32
851|подтягивания узким хвтом|3|126|32
852|бицепс штанга|8|126|32
853|пресс||126|32
854|тяга сумо вис|4|127|32
855|жим лежа узким хватом|3|127|32
856|жим лежа узким хватом 2 сек|1|127|32
857|трицепс кроссовер одной рукой|4|127|32
858|пресс||127|32
859|сед|3|128|33
860|квадрицепс тренажер|4|128|33
861|жим лежа широким хватом|2|128|33
862|жим лежа широким 1 подставка|1|128|33
863|жим лежа широким хватом 2 подставка|3|128|33
864|разводка лежа кроссовер|4|128|33
865|пресс||128|33
866|жим сидя со стоек|2|129|33
867|отжимания от брусьев|2|129|33
868|подтягивания узким хвтом|2|129|33
869|широчайшая фронтальная тренажер одной рукой|4|129|33
870|дельта тренажер|6|129|33
871|бицепс кривой штангой|6|129|33
872|наклоны через козла|6|129|33
873|пресс||129|33
874|тяга колодец|2|130|33
875|тяга сумо с плинтов|3|130|33
876|румынская тяга|4|130|33
877|жим лежа узким хватом|2|130|33
878|жим лежа узким хватом 1 подставка|1|130|33
879|жим лежа широким хватом 2 подставка|3|130|33
880|трицепс лямка кроссовер|4|130|33
881|сед-стоп|1|131|33
882|бицепс ноги тренажер|4|131|33
883|жим лежа 45 тренажер|2|131|33
884|разводка гантелей 45|3|131|33
885|наклоны стоя со штангой|4|131|33
886|бицепс скотт|12|131|33
887|бицепс кроссовер нижний блок|8|131|33
888|пресс||131|33
889|жим лежа средним хватом тренажер|2|132|33
890|жим лежа средним хватом тренажер 1 подставка|1|132|33
891|жим лежа средним хватом тренажер 2 подставка|3|132|33
892|подтягивания широким хватом|2|132|33
893|французкий жим лежа кроссовер|4|132|33
894|трапеция|15|132|33
895|сед|2|133|34
896|квадрицепс тренажер|3|133|34
897|жим лежа широким хватом|1|133|34
898|жим лежа широким хватом 2сек|2|133|34
899|жим гантелей лежа|3|133|34
900|грудь тренажер|4|133|34
901|пресс||133|34
902|жим сидя тренажер|1|134|34
903|отжимания от брусьев|1|134|34
904|подтягивания узким хвтом|1|134|34
905|широчайшая штанга|4|134|34
906|разводка гантелей в стороны|6|134|34
907|бицепс штанга|10|134|34
908|наклоны через козла|12|134|34
909|тяга сумо подставка|2|135|34
910|наклоны средним хватом|3|135|34
911|жим лежа узким хватом|1|135|34
912|жим лежа узким хватом 2 сек|2|135|34
913|французкий жим сидя|3|135|34
914|трицепс тренажер|4|135|34
915|пресс||135|34
916|жим ногами тренажер|3|136|34
917|ножницы|4|136|34
918|жим лежа 45|1|136|34
919|жим лежа 45 2 сек|2|136|34
920|наклоны стоя со штангой|4|136|34
921|бицепс кривой штангой|8|136|34
922|наклоны через козла|10|136|34
923|сед|1|137|35
924|квадрицепс тренажер|3|137|35
925|жим лежа широким хватом|4|137|35
926|жим лежа широким 1 подставка|2|137|35
927|разводка гантелей лежа|3|137|35
928|пулловер|6|137|35
929|пресс||137|35
930|жим стоя со стоек|4|138|35
931|отжимания от брусьев|4|138|35
932|подтягивания узким хвтом|4|138|35
933|широчайшая гантеля|6|138|35
934|кроссовер разводка в наклоне|8|138|35
935|бицепс гантелей сидя|6|138|35
936|наклоны через козла|10|138|35
937|сед колодец|2|139|35
938|тяга сумо|1|139|35
939|тяга толчковая|3|139|35
940|жим лежа узким хватом|4|139|35
941|жим лежа узким хватом 1 подставка|2|139|35
942|французкий жим стоя|3|139|35
943|трицепс лямка|6|139|35
944|сед узкий|3|140|35
945|сед скамья|1|140|35
946|приводящая тренажер|4|140|35
947|жим лежа 45 тренажер|4|140|35
948|хаммер|6|140|35
949|наклоны стоя со штангой|8|140|35
950|бицепс штанга|4,6,8,10|140|35
951|бицепс кроссовер одной рукой нижний|8|140|35
952|жим лежа 45 вниз головой тренажер|4|141|35
953|подтягивания широким хватом|4|141|35
954|трицепс гантеля|6|141|35
955|трапеция|12|141|35
956|пресс||141|35
957|сед|4|142|36
958|жим лежа широким хватом|3|142|36
959|жим лежа широким хватом 2сек|1|142|36
960|грудь тренажер|4|142|36
961|пресс||142|36
962|жим стоя со стоек|3|143|36
963|отжимания от брусьев|3|143|36
964|подтягивания узким хвтом|3|143|36
965|бицепс кривой штангой|10|143|36
966|пресс||143|36
967|тяга сумо вис|4|144|36
968|жим лежа узким хватом|3|144|36
969|жим лежа узким хватом 2 сек|1|144|36
970|трицепс кроссовер|4|144|36
971|пресс||144|36
972|сед|3|145|37
973|квадрицепс тренажер|4|145|37
974|жим лежа широким хватом|2|145|37
975|жим лежа широким хватом 2 подставка|1|145|37
976|разводка гантелей лежа|3|145|37
977|кроссовер разводка в наклоне|4|145|37
978|пресс||145|37
979|жим стоя со стоек|2|146|37
980|отжимания от брусьев|2|146|37
981|подтягивания узким хвтом|2|146|37
982|широчайшая кроссовер|4|146|37
983|подъем гантелей перед собой|6|146|37
984|бицепс гантели|8|146|37
985|наклоны через козла|8|146|37
986|тяга колодец|2|147|37
987|тяга сумо с плинтов|3|147|37
988|тяга рывковая|4|147|37
989|жим лежа узким хватом|2|147|37
990|жим лежа узким хватом 2 подставка|1|147|37
991|французкий жим лежа|3|147|37
992|трицепс кроссовер одной рукой|4|147|37
993|пресс||147|37
994|сед тренажер|1|148|37
995|внешняя тренажер|4|148|37
996|жим лежа 45|2|148|37
997|разводка 45 кроссовер|3|148|37
998|наклоны стоя со штангой|4|148|37
999|бицепс штанга|6|148|37
1000|бицепс сидя тренажер фронтально, руки вытянуты вперед|10|148|37
1001|жим лежа средним хватом тренажер|2|149|37
1002|жим лежа средним хватом тренажер 2 подставка|1|149|37
1003|подтягивания кроссовер|2|149|37
1004|трицепс лямка кроссовер|3|149|37
1005|трапеция|15|149|37
1006|пресс||149|37
1007|сед|2|150|38
1008|квадрицепс тренажер|3|150|38
1009|жим лежа широким хватом|1|150|38
1010|жим лежа широким хватом 2сек|2|150|38
1011|жим гантелей лежа|3|150|38
1012|грудь тренажер|4|150|38
1013|пресс||150|38
1014|жим сидя тренажер|1|151|38
1015|отжимания от брусьев|1|151|38
1016|подтягивания узким хвтом|1|151|38
1017|широчайшая кроссовер одной рукой|4|151|38
1018|перекрестная разводка кроссовер|6|151|38
1019|бицепс кривой штангой|21|151|38
1020|наклоны через козла|6|151|38
1021|тяга сумо подставка|2|152|38
1022|румынская тяга|3|152|38
1023|жим лежа узким хватом|1|152|38
1024|жим лежа узким хватом 2 сек|2|152|38
1025|французкий жим лежа внутренний хват|3|152|38
1026|французкий жим лежа кроссовер|4|152|38
1027|пресс||152|38
1028|сед-стоп|1|153|38
1029|бицепс ноги тренажер|4|153|38
1030|жим лежа 45 тренажер|1|153|38
1031|жим лежа 45 тренажер 2сек|2|153|38
1032|наклоны стоя со штангой|6|153|38
1033|бицепс с гантелей молот|10|153|38
1034|бицепс кроссовер|6|153|38
1035|пресс||153|38
1036|сед|1|154|39
1037|квадрицепс тренажер|3|154|39
1038|жим лежа широким хватом|4|154|39
1039|жим лежа широким 1 подставка|2|154|39
1040|жим лежа широким хватом 2 подставка|1|154|39
1041|разводка лежа кроссовер|6|154|39
1042|жим стоя со стоек|4|155|39
1043|отжимания от брусьев|4|155|39
1044|подтягивания узким хвтом|4|155|39
1045|широчайшая верхний блок кроссовер|6|155|39
1046|дельта кроссовер|8|155|39
1047|бицепс штанга|8|155|39
1048|наклоны через козла|12|155|39
1049|сед колодец|2|156|39
1050|тяга сумо|1|156|39
1051|наклоны средним хватом|3|156|39
1052|жим лежа узким хватом|4|156|39
1053|жим лежа узким хватом 1 подставка|2|156|39
1054|жим лежа узким хватом 2 подставка|1|156|39
1055|трицепс тренажер|6|156|39
1056|жим ногами тренажер|3|157|39
1057|ножницы|4|157|39
1058|жим лежа 45|4|157|39
1059|разводка гантелей лежа|6|157|39
1060|наклоны стоя со штангой|8|157|39
1061|бицепс кривой штангой|6|157|39
1062|бицепс кроссовер фронтально верхний блок ко лбу|10|157|39
1063|пресс||157|39
1064|жим лежа 45 вниз головой тренажер|4|158|39
1065|подтягивания широким хватом|4|158|39
1066|трицепс лямка|6|158|39
1067|пресс||158|39
1068|сед|4|159|40
1069|жим лежа широким хватом|3|159|40
1070|жим лежа широким хватом 2сек|1|159|40
1071|грудь тренажер|4|159|40
1072|пресс||159|40
1073|жим стоя со стоек|3|160|40
1074|отжимания от брусьев|3|160|40
1075|подтягивания узким хвтом|3|160|40
1076|бицепс скотт|12|160|40
1077|пресс||160|40
1078|тяга сумо вис|4|161|40
1079|жим лежа узким хватом|3|161|40
1080|жим лежа узким хватом 2 сек|1|161|40
1081|трицепс гантеля|4|161|40
1082|пресс||161|40
1083|сед|3|162|41
1084|квадрицепс тренажер|4|162|41
1085|жим лежа широким хватом|2|162|41
1086|жим лежа широким 1 подставка|1|162|41
1087|разводка гантелей лежа|3|162|41
1088|пулловер|4|162|41
1089|жим стоя со стоек|2|163|41
1090|отжимания от брусьев|2|163|41
1091|подтягивания узким хвтом|2|163|41
1092|широчайшая тренажер|4|163|41
1093|тяга к подбородку|6|163|41
1094|бицепс штанга|10|163|41
1095|наклоны через козла|10|163|41
1096|тяга колодец|2|164|41
1097|тяга сумо с плинтов|3|164|41
1098|тяга толчковая|4|164|41
1099|жим лежа узким хватом|2|164|41
1100|жим лежа узким хватом 1 подставка|1|164|41
1101|французкий жим сидя|3|164|41
1102|трицепс кроссовер|4|164|41
1103|жим ногами тренажер|4|165|41
1104|ножницы|6|165|41
1105|жим лежа 45|2|165|41
1106|разводка гантелей 45|3|165|41
1107|наклоны стоя со штангой|4|165|41
1108|бицепс кривой штангой|8|165|41
1109|бицепс кроссовер нижний блок|12|165|41
1110|жим лежа средним хватом тренажер|2|166|41
1111|жим лежа средним хватом тренажер 1 подставка|1|166|41
1112|подтягивания кроссовер|2|166|41
1113|трицепс одной рукой кроссовер|4|166|41
1114|пресс||166|41
1115|сед|2|167|42
1116|квадрицепс тренажер|3|167|42
1117|жим лежа широким хватом|1|167|42
1118|жим лежа широким хватом 2сек|2|167|42
1119|жим гантелей лежа|3|167|42
1120|грудь тренажер|4|167|42
1121|пресс||167|42
1122|жим сидя тренажер|1|168|42
1123|отжимания от брусьев|1|168|42
1124|подтягивания узким хвтом|1|168|42
1125|широчайшая тренажер внутренний хват|4|168|42
1126|тяга обратным хватом|6|168|42
1127|бицепс гантелей сидя|6|168|42
1128|наклоны через козла|8|168|42
1129|тяга сумо подставка|2|169|42
1130|тяга рывковая|3|169|42
1131|жим лежа узким хватом|1|169|42
1132|жим лежа узким хватом 2 сек|2|169|42
1133|французкий жим стоя|3|169|42
1134|трицепс лямка кроссовер|4|169|42
1135|пресс||169|42
1136|сед|1|170|42
1137|приводящая тренажер|4|170|42
1138|жим лежа 45 тренажер|1|170|42
1139|жим лежа 45 тренажер 2сек|2|170|42
1140|наклоны стоя со штангой|4|170|42
1141|бицепс штанга|"4|6|8|10"|170|42
1142|бицепс кроссовер одной рукой нижний|8|170|42
1143|сед|1|171|43
1144|квадрицепс тренажер|3|171|43
1145|жим лежа широким хватом|4|171|43
1146|жим лежа широким хватом 2 подставка|2|171|43
1147|разводка гантелей лежа|3|171|43
1148|кроссовер разводка в наклоне|6|171|43
1149|пресс||171|43
1150|жим стоя со стоек|4|172|43
1151|отжимания от брусьев|4|172|43
1152|подтягивания узким хвтом|4|172|43
1153|широчайшая фронтальная тренажер|6|172|43
1154|жим гантелей сидя|8|172|43
1155|бицепс кривой штангой|10|172|43
1156|наклоны через козла|6|172|43
1157|сед колодец|4|173|43
1158|тяга сумо|1|173|43
1159|румынская тяга|3|173|43
1160|жим лежа узким хватом|4|173|43
1161|жим лежа узким хватом 2 подставка|2|173|43
1162|французкий жим лежа|3|173|43
1163|французкий жим лежа кроссовер|6|173|43
1164|сед тренажер|3|174|43
1165|внешняя тренажер|6|174|43
1166|жим лежа 45|4|174|43
1167|хаммер|6|174|43
1168|наклоны стоя со штангой|8|174|43
1169|бицепс гантели|8|174|43
1170|бицепс сидя тренажер фронтально, руки вытянуты вперед|12|174|43
1171|жим лежа 45 вниз головой тренажер|4|175|43
1172|подтягивания широким хватом|4|175|43
1173|трицепс тренажер|6|175|43
1174|икры|30|175|43
1175|пресс||175|43
1176|сед|4|176|44
1177|жим лежа широким хватом|3|176|44
1178|жим лежа широким хватом 2сек|1|176|44
1179|грудь тренажер|4|176|44
1180|пресс||176|44
1181|жим стоя со стоек|3|177|44
1182|отжимания от брусьев|3|177|44
1183|подтягивания узким хвтом|3|177|44
1184|бицепс штанга|6|177|44
1185|пресс||177|44
1186|тяга сумо вис|4|178|44
1187|жим лежа узким хватом|3|178|44
1188|жим лежа узким хватом 2 сек|1|178|44
1189|трицепс лямка|4|178|44
1190|сед|3|179|45
1191|квадрицепс тренажер|4|179|45
1192|жим лежа широким хватом|2|179|45
1193|жим лежа широким 1 подставка|1|179|45
1194|жим лежа широким хватом 2 подставка|3|179|45
1195|разводка лежа кроссовер|4|179|45
1196|пресс||179|45
1197|жим стоя со стоек|2|180|45
1198|отжимания от брусьев|2|180|45
1199|подтягивания узким хвтом|2|180|45
1200|широчайшая фронтально тренажер одной рукой|4|180|45
1201|дельта тренажер|6|180|45
1202|бицепс кривой штангой|21|180|45
1203|наклоны через козла|12|180|45
1204|тяга колодец|2|181|45
1205|тяга сумо с плинтов|3|181|45
1206|наклоны средним хватом|4|181|45
1207|жим лежа узким хватом|2|181|45
1208|жим лежа узким хватом 1 подставка|1|181|45
1209|жим лежа узким хватом 2 подставка|3|181|45
1210|трицепс гантеля|4|181|45
1211|пресс||181|45
1212|сед-стоп|1|182|45
1213|бицепс ноги тренажер|4|182|45
1214|жим лежа 45 тренажер|2|182|45
1215|разводка 45 кроссовер|4|182|45
1216|бицепс с гантелей молот|10|182|45
1217|бицепс кроссовер|6|182|45
1218|пресс||182|45
1219|жим лежа средним хватом тренажер|2|183|45
1220|жим лежа средним хватом тренажер 1 подставка|1|183|45
1221|жим лежа средним хватом тренажер 2 подставка|3|183|45
1222|подтягивания кроссовер|2|183|45
1223|трицепс кроссовер|4|183|45
1224|пресс||183|45
1225|сед|2|184|46
1226|квадрицепс тренажер|3|184|46
1227|жим лежа широким хватом|1|184|46
1228|жим лежа широким хватом 2сек|2|184|46
1229|жим гантелей лежа|3|184|46
1230|грудь тренажер|4|184|46
1231|пресс||184|46
1232|жим сидя тренажер|1|185|46
1233|отжимания от брусьев|1|185|46
1234|подтягивания узким хвтом|1|185|46
1235|широчайшая штанга|4|185|46
1236|разводка гантелей в стороны|6|185|46
1237|бицепс штанга|8|185|46
1238|наклоны через козла|10|185|46
1239|тяга сумо подставка|2|186|46
1240|тяга толчковая|3|186|46
1241|жим лежа узким хватом|1|186|46
1242|жим лежа узким хватом 2 сек|2|186|46
1243|французкий жим лежа внутренний хват|3|186|46
1244|трицепс одной рукой кроссовер|4|186|46
1245|пресс||186|46
1246|жим ногами тренажер|3|187|46
1247|ножницы|6|187|46
1248|жим лежа 45|1|187|46
1249|жим лежа 45 2 сек|2|187|46
1250|бицепс кривой штангой|6|187|46
1251|бицепс кроссовер фронтально верхний блок ко лбу|10|187|46
1252|пресс||187|46
1253|сед|1|188|47
1254|квадрицепс тренажер|3|188|47
1255|жим лежа широким хватом|4|188|47
1256|жим лежа широким 1 подставка|2|188|47
1257|разводка гантелей лежа|3|188|47
1258|пулловер|6|188|47
1259|пресс||188|47
1260|жим стоя со стоек|4|189|47
1261|отжимания от брусьев|4|189|47
1262|подтягивания узким хвтом|4|189|47
1263|широчайшая гантеля|6|189|47
1264|разводка гантелей в наклоне|8|189|47
1265|бицепс гантелей скотт|12|189|47
1266|наклоны через козла|8|189|47
1267|сед колодец|2|190|47
1268|тяга сумо|1|190|47
1269|тяга рывковая|3|190|47
1270|жим лежа узким хватом|4|190|47
1271|жим лежа узким хватом 1 подставка|2|190|47
1272|французкий жим сидя|3|190|47
1273|трицепс лямка кроссовер|6|190|47
1274|сед узкий|3|191|47
1275|сед скамья|2|191|47
1276|приводящая тренажер|4|191|47
1277|жим лежа 45 тренажер|4|191|47
1278|разводка гантелей 45|6|191|47
1279|бицепс штанга|10|191|47
1280|бицепс кроссовер нижний блок|6|191|47
1281|жим лежа 45 вниз головой|4|192|47
1282|подтягивания широким хватом|4|192|47
1283|французкий жим лежа кроссовер|6|192|47
1284|пресс||192|47
1285|сед|4|193|48
1286|жим лежа широким хватом|3|193|48
1287|жим лежа широким хватом 2сек|1|193|48
1288|жим гантелей лежа|4|193|48
1289|пресс||193|48
1290|жим стоя со стоек|3|194|48
1291|отжимания от брусьев|3|194|48
1292|подтягивания узким хвтом|3|194|48
1293|бицепс кривой штангой|8|194|48
1294|пресс||194|48
1295|тяга сумо вис|4|195|48
1296|жим лежа узким хватом|3|195|48
1297|жим лежа узким хватом 2 сек|1|195|48
1298|трицепс тренажер|4|195|48
1299|пресс||195|48
1301|квадрицепс тренажер|4|196|49
1302|жим лежа широким хватом|2|196|49
1303|жим лежа широким хватом 2 подставка|1|196|49
1304|разводка гантелей лежа|3|196|49
1305|кроссовер разводка в наклоне|4|196|49
1306|жим стоя со стоек|2|197|49
1307|отжимания от брусьев|2|197|49
1308|подтягивания узким хвтом|2|197|49
1309|широчайшая кроссовер|4|197|49
1310|подъем гантелей перед собой|6|197|49
1311|бицепс гантелей сидя|6|197|49
1312|наклоны через козла|6|197|49
1313|тяга колодец|2|198|49
1314|тяга сумо с плинтов|3|198|49
1315|румынская тяга|4|198|49
1316|жим лежа узким хватом|2|198|49
1317|жим лежа узким хватом 2 подставка|1|198|49
1318|французкий жим стоя|3|198|49
1319|трицепс лямка|4|198|49
1320|сед тренажер|1|199|49
1321|внешняя тренажер|4|199|49
1322|жим лежа 45|2|199|49
1323|хаммер|4|199|49
1324|бицепс штанга|"4|6|8|10"|199|49
1325|бицепс кроссовер одной рукой нижний|8|199|49
1326|пресс||199|49
1327|жим лежа средним хватом тренажер|2|200|49
1328|жим лежа средним хватом тренажер 2 подставка|1|200|49
1329|подтягивания кроссовер|2|200|49
1330|трицепс гантеля|4|200|49
1331|трапеция|15|200|49
1332|пресс||200|49
1333|сед|2|201|50
1334|квадрицепс тренажер|3|201|50
1335|жим лежа широким хватом|1|201|50
1336|жим лежа широким хватом 2сек|2|201|50
1337|жим гантелей лежа|3|201|50
1338|грудь тренажер|4|201|50
1339|пресс||201|50
1340|жим сидя тренажер|1|202|50
1341|отжимания от брусьев|1|202|50
1342|подтягивания узким хвтом|1|202|50
1343|широчайшая кроссовер одной рукой|4|202|50
1344|перекрестная разводка кроссовер|6|202|50
1345|бицепс кривой штангой|10|202|50
1346|наклоны через козла|12|202|50
1347|тяга сумо подставка|2|203|50
1348|наклоны средним хватом|3|203|50
1349|жим лежа узким хватом|1|203|50
1350|жим лежа узким хватом 2 сек|2|203|50
1351|французкий жим лежа|3|203|50
1352|трицепс кроссовер|4|203|50
1353|пресс||203|50
1354|сед-стоп|1|204|50
1355|бицепс ноги тренажер|4|204|50
1356|жим лежа 45 тренажер|1|204|50
1357|жим лежа 45 тренажер 2сек|2|204|50
1358|бицепс гантели|8|204|50
1359|бицепс сидя тренажер фронтально, руки вытянуты вперед|12|204|50
1360|сед|1|205|51
1361|квадрицепс тренажер|3|205|51
1362|жим лежа широким хватом|4|205|51
1363|жим лежа широким 1 подставка|2|205|51
1364|жим лежа широким хватом 2 подставка|1|205|51
1365|разводка лежа кроссовер|6|205|51
1366|пресс||205|51
1367|жим стоя со стоек|4|206|51
1368|отжимания от брусьев|4|206|51
1369|подтягивания узким хвтом|4|206|51
1370|широчайшая верхний блок кроссовер|6|206|51
1371|дельта кроссовер|8|206|51
1372|бицепс штанга|6|206|51
1373|наклоны через козла|12|206|51
1374|сед колодец|4|207|51
1375|тяга сумо|1|207|51
1376|тяга толчковая|3|207|51
1377|жим лежа узким хватом|4|207|51
1378|жим лежа узким хватом 1 подставка|2|207|51
1379|жим лежа узким хватом 2 подставка|1|207|51
1380|трицепс одной рукой кроссовер|6|207|51
1381|жим ногами тренажер|3|208|51
1382|ножницы|4|208|51
1383|жим лежа 45|4|208|51
1384|разводка 45 кроссовер|6|208|51
1385|бицепс кривой штангой|21|208|51
1386|бицепс кроссовер|8|208|51
1387|пресс||208|51
1388|жим лежа 45 вниз головой тренажер|4|209|51
1389|подтягивания широким хватом|4|209|51
1390|трицепс лямка кроссовер|6|209|51
1391|трапеция|12|209|51
1392|пресс||209|51
1393|сед|4|210|52
1394|жим лежа широким хватом|3|210|52
1395|жим лежа широким хватом 2сек|1|210|52
1396|грудь тренажер|4|210|52
1397|пресс||210|52
1398|жим стоя со стоек|3|211|52
1399|отжимания от брусьев|3|211|52
1400|подтягивания узким хвтом|3|211|52
1401|бицепс с гантелей молот|10|211|52
1402|пресс||211|52
1403|тяга сумо вис|4|212|52
1404|жим лежа узким хватом|3|212|52
1405|жим лежа узким хватом 2 сек|1|212|52
1406|французкий жим лежа кроссовер|4|212|52
1407|пресс||212|52
1408|сед|3|213|53
1409|квадрицепс тренажер|4|213|53
1410|жим лежа широким хватом|2|213|53
1411|жим лежа широким 1 подставка|1|213|53
1412|разводка гантелей лежа|3|213|53
1413|пулловер|4|213|53
1414|пресс||213|53
1415|жим сидя тренажер|2|214|53
1416|отжимания от брусьев|2|214|53
1417|подтягивания узким хвтом|2|214|53
1418|широчайшая тренажер|4|214|53
1419|тяга к подбородку|6|214|53
1420|бицепс штанга|8|214|53
1421|наклоны через козла|10|214|53
1422|тяга колодец|2|215|53
1423|тяга сумо с плинтов|3|215|53
1424|тяга рывковая|4|215|53
1425|жим лежа узким хватом|2|215|53
1426|жим лежа узким хватом 1 подставка|1|215|53
1427|французкий жим лежа внутренний хват|3|215|53
1428|французкий жим лежа кроссовер|4|215|53
1429|пресс||215|53
1430|сед узкий|1|216|53
1431|приводящая тренажер|4|216|53
1432|жим лежа 45 тренажер|2|216|53
1433|разводка гантелей 45|4|216|53
1434|бицепс кривой штангой|6|216|53
1435|бицепс кроссовер фронтально верхний блок ко лбу|10|216|53
1436|пресс||216|53
1437|жим лежа средним хватом тренажер|2|217|53
1438|жим лежа средним хватом тренажер 1 подставка|1|217|53
1439|подтягивания широким хватом|2|217|53
1440|трицепс тренажер|4|217|53
1441|икры|15|217|53
1442|пресс||217|53
1443|сед|2|218|54
1444|квадрицепс тренажер|3|218|54
1445|жим лежа широким хватом|1|218|54
1446|жим лежа широким хватом 2сек|2|218|54
1447|жим гантелей лежа|3|218|54
1448|грудь тренажер|4|218|54
1449|пресс||218|54
1450|жим сидя тренажер|1|219|54
1451|отжимания от брусьев|1|219|54
1452|подтягивания узким хвтом|1|219|54
1453|широчайшая тренажер внутренний хват|4|219|54
1454|тяга обратным хватом|6|219|54
1455|бицепс гантелей скотт|12|219|54
1456|наклоны через козла|8|219|54
1457|пресс||219|54
1458|тяга сумо подставка|2|220|54
1459|румынская тяга|3|220|54
1460|жим лежа узким хватом|1|220|54
1461|жим лежа узким хватом 2 сек|2|220|54
1462|французкий жим сидя|3|220|54
1463|трицепс лямка|4|220|54
1464|пресс||220|54
1465|сед|1|221|54
1466|внешняя тренажер|4|221|54
1467|жим лежа 45|1|221|54
1468|жим лежа 45 2 сек|2|221|54
1469|бицепс штанга|10|221|54
1470|бицепс кроссовер нижний блок|6|221|54
1471|пресс||221|54
1472|сед|1|222|55
1473|квадрицепс тренажер|3|222|55
1474|жим лежа широким хватом|4|222|55
1475|жим лежа широким хватом 2 подставка|2|222|55
1476|разводка гантелей лежа|3|222|55
1477|кроссовер разводка в наклоне|6|222|55
1478|пресс||222|55
1479|жим стоя со стоек|4|223|55
1480|отжимания от брусьев|4|223|55
1481|подтягивания узким хвтом|4|223|55
1482|широчайшая фронтальная тренажер|6|223|55
1483|жим гантелей сидя|8|223|55
1484|бицепс кривой штангой|8|223|55
1485|наклоны через козла|6|223|55
1486|пресс||223|55
1487|сед колодец|2|224|55
1488|тяга сумо|1|224|55
1489|наклоны средним хватом|3|224|55
1490|жим лежа узким хватом|4|224|55
1491|жим лежа узким хватом 2 подставка|2|224|55
1492|французкий жим стоя|3|224|55
1493|трицепс гантеля|6|224|55
1494|сед-стоп|2|225|55
1495|бицепс ноги тренажер|4|225|55
1496|жим лежа 45 тренажер|4|225|55
1497|хаммер|6|225|55
1498|жим гантелей сидя|6|225|55
1499|бицепс кроссовер одной рукой нижний|10|225|55
1500|пресс||225|55
1501|жим лежа 45 вниз головой|4|226|55
1502|подтягивания кроссовер|4|226|55
1503|трицепс кроссовер|6|226|55
1504|предплечье||226|55
1505|пресс||226|55
1506|сед|4|227|56
1507|жим лежа широким хватом|3|227|56
1508|жим лежа широким хватом 2сек|1|227|56
1509|грудь тренажер|4|227|56
1510|пресс||227|56
1511|жим стоя со стоек|3|228|56
1512|отжимания от брусьев|3|228|56
1513|подтягивания узким хвтом|3|228|56
1514|бицепс штанга|4,6,8,10|228|56
1515|пресс||228|56
1516|тяга сумо вис|4|229|56
1517|жим лежа узким хватом|3|229|56
1518|жим лежа узким хватом 2 сек|1|229|56
1519|трицепс одной рукой кроссовер|4|229|56
1520|пресс||229|56
1521|сед|3|230|57
1522|квадрицепс тренажер|4|230|57
1523|жим лежа широким хватом|2|230|57
1524|жим лежа широким 1 подставка|1|230|57
1525|жим лежа широким хватом 2 подставка|3|230|57
1526|разводка лежа кроссовер|4|230|57
1527|жим стоя со стоек|2|231|57
1528|отжимания от брусьев|2|231|57
1529|подтягивания узким хвтом|2|231|57
1530|широчайшая фронтально тренажер одной рукой|4|231|57
1531|дельта тренажер|6|231|57
1532|бицепс кривой штангой|10|231|57
1533|наклоны через козла|12|231|57
1534|тяга колодец|2|232|57
1535|тяга сумо с плинтов|3|232|57
1536|тяга толчковая|4|232|57
1537|жим лежа узким хватом|2|232|57
1538|жим лежа узким хватом 1 подставка|1|232|57
1539|жим лежа узким хватом 2 подставка|3|232|57
1540|трицепс лямка кроссовер|4|232|57
1541|жим ногами тренажер|4|233|57
1542|ножницы|6|233|57
1543|жим лежа 45|2|233|57
1544|разводка 45 кроссовер|4|233|57
1545|бицепс штанга|8|233|57
1546|бицепс сидя тренажер фронтально, руки вытянуты вперед|12|233|57
1547|пресс||233|57
1548|жим лежа средним хватом тренажер|2|234|57
1549|жим лежа средним хватом тренажер 1 подставка|1|234|57
1550|жим лежа средним хватом тренажер 2 подставка|3|234|57
1551|подтягивания широким хватом|2|234|57
1552|французкий жим лежа кроссовер|4|234|57
1553|пресс||234|57
1554|сед|2|235|58
1555|квадрицепс тренажер|3|235|58
1556|жим лежа широким хватом|1|235|58
1557|жим лежа широким хватом 2сек|2|235|58
1558|жим гантелей лежа|3|235|58
1559|грудь тренажер|4|235|58
1560|пресс||235|58
1561|жим сидя тренажер|1|236|58
1562|отжимания от брусьев|1|236|58
1563|подтягивания узким хвтом|1|236|58
1564|широчайшая штанга|4|236|58
1565|разводка гантелей в стороны|6|236|58
1566|бицепс кривой штангой|6|236|58
1567|наклоны через козла|10|236|58
1568|тяга сумо подставка|2|237|58
1569|тяга рывковая|3|237|58
1570|жим лежа узким хватом|1|237|58
1571|жим лежа узким хватом 2 сек|2|237|58
1572|французкий жим лежа|3|237|58
1573|трицепс тренажер|4|237|58
1574|пресс||237|58
1575|сед узкий|1|238|58
1576|сед скамья|3|238|58
1577|приводящая тренажер|4|238|58
1578|жим лежа 45 тренажер|1|238|58
1579|жим лежа 45 тренажер 2сек|2|238|58
1580|бицепс скотт|12|238|58
1581|бицепс кроссовер|8|238|58
1582|сед|1|239|59
1583|квадрицепс тренажер|3|239|59
1584|жим лежа широким хватом|4|239|59
1585|жим лежа широким 1 подставка|2|239|59
1586|разводка гантелей лежа|3|239|59
1587|пулловер|6|239|59
1588|пресс||239|59
1589|жим стоя со стоек|4|240|59
1590|отжимания от брусьев|4|240|59
1591|подтягивания узким хвтом|4|240|59
1592|широчайшая гантеля|6|240|59
1593|разводка гантелей в стороны|8|240|59
1594|бицепс штанга|10|240|59
1595|наклоны через козла|8|240|59
1596|сед колодец|2|241|59
1597|тяга сумо|1|241|59
1598|румынская тяга|3|241|59
1599|жим лежа узким хватом|4|241|59
1600|жим лежа широким 1 подставка|2|241|59
1601|французкий жим лежа внутренний хват|3|241|59
1602|трицепс лямка|6|241|59
1603|сед тренажер|3|242|59
1604|внешняя тренажер|4|242|59
1605|жим лежа 45|4|242|59
1606|разводка гантелей 45|6|242|59
1607|бицепс кривой штангой|8|242|59
1608|бицепс кроссовер фронтально верхний блок ко лбу|12|242|59
1609|пресс||242|59
1610|жим лежа 45 вниз головой тренажер|4|243|59
1611|подтягивания кроссовер|4|243|59
1612|трицепс гантеля|6|243|59
1613|икры|15|243|59
1614|предплечье||243|59
1615|пресс||243|59
1616|сед|4|244|60
1617|жим лежа широким хватом|3|244|60
1618|жим лежа широким хватом 2сек|1|244|60
1619|грудь тренажер|4|244|60
1620|пресс||244|60
1621|жим стоя со стоек|3|245|60
1622|отжимания от брусьев|3|245|60
1623|подтягивания узким хвтом|3|245|60
1624|бицепс гантелей сидя|6|245|60
1625|пресс||245|60
1626|тяга сумо вис|4|246|60
1627|жим лежа узким хватом|3|246|60
1628|жим лежа узким хватом 2 сек|1|246|60
1629|трицепс кроссовер|4|246|60
1630|пресс||246|60
1631|сед|3|247|61
1632|квадрицепс тренажер|4|247|61
1633|жим лежа широким хватом|2|247|61
1634|жим лежа широким хватом 2 подставка|1|247|61
1635|разводка гантелей лежа|3|247|61
1636|кроссовер разводка в наклоне|4|247|61
1637|жим стоя со стоек|2|248|61
1638|отжимания от брусьев|2|248|61
1639|подтягивания узким хвтом|2|248|61
1640|широчайшая кроссовер|4|248|61
1641|перекрестная разводка кроссовер|6|248|61
1642|бицепс штанга|21|248|61
1643|наклоны через козла|6|248|61
1644|тяга колодец|2|249|61
1645|тяга сумо с плинтов|3|249|61
1646|наклоны средним хватом|4|249|61
1647|жим лежа узким хватом|2|249|61
1648|жим лежа узким хватом 2 подставка|1|249|61
1649|французкий жим сидя|3|249|61
1650|трицепс одной рукой кроссовер|4|249|61
1651|пресс||249|61
1652|сед-стоп|1|250|61
1653|бицепс ноги тренажер|4|250|61
1654|жим лежа 45 тренажер|2|250|61
1655|хаммер|3|250|61
1656|бицепс кривой штангой|10|250|61
1657|бицепс кроссовер нижний блок|6|250|61
1658|пресс||250|61
1659|жим лежа средним хватом тренажер|2|251|61
1660|жим лежа средним хватом тренажер 2 подставка|1|251|61
1661|подтягивания широким хватом|2|251|61
1662|трицепс лямка кроссовер|4|251|61
1663|сед|2|252|62
1664|квадрицепс тренажер|3|252|62
1665|жим лежа широким хватом|1|252|62
1666|жим лежа широким хватом 2сек|2|252|62
1667|жим гантелей лежа|3|252|62
1668|грудь тренажер|4|252|62
1669|пресс||252|62
1670|жим сидя тренажер|1|253|62
1671|отжимания от брусьев|1|253|62
1672|подтягивания узким хвтом|1|253|62
1673|широчайшая кроссовер одной рукой|4|253|62
1674|дельта кроссовер|6|253|62
1675|бицепс гантели|8|253|62
1676|наклоны через козла|12|253|62
1677|тяга сумо подставка|2|254|62
1678|тяга толчковая|3|254|62
1679|жим лежа узким хватом|1|254|62
1680|жим лежа узким хватом 2 сек|2|254|62
1681|французкий жим стоя|3|254|62
1682|французкий жим лежа кроссовер|4|254|62
1683|пресс||254|62
1684|жим ногами тренажер|3|255|62
1685|выпады||255|62
1686|жим лежа 45|1|255|62
1687|жим лежа 45 2 сек|2|255|62
1688|бицепс штанга|6|255|62
1689|бицепс кроссовер одной рукой нижний|10|255|62
1690|пресс||255|62
1691|сед|1|256|63
1692|квадрицепс тренажер|3|256|63
1693|жим лежа широким хватом|4|256|63
1694|жим лежа широким 1 подставка|2|256|63
1695|жим лежа широким хватом 2 подставка|1|256|63
1696|разводка лежа кроссовер|6|256|63
1697|жим стоя со стоек|4|257|63
1698|отжимания от брусьев|4|257|63
1699|подтягивания узким хвтом|4|257|63
1700|широчайшая верхний блок кроссовер|6|257|63
1701|тяга к подбородку|8|257|63
1702|бицепс кривой штангой|"4|6|8|10"|257|63
1703|наклоны через козла|10|257|63
1704|тяга колодец|2|258|63
1705|тяга сумо|1|258|63
1706|тяга рывковая|3|258|63
1707|жим лежа узким хватом|4|258|63
1708|жим лежа узким хватом 1 подставка|2|258|63
1709|жим лежа узким хватом 2 подставка|1|258|63
1710|трицепс тренажер|6|258|63
1711|сед узкий|2|259|63
1712|приводящая тренажер|4|259|63
1713|жим лежа 45 тренажер|4|259|63
1714|разводка 45 кроссовер|6|259|63
1715|бицепс с гантелей молот|10|259|63
1716|бицепс сидя тренажер фронтально, руки вытянуты вперед|6|259|63
1717|пресс||259|63
1718|жим лежа 45 вниз головой|4|260|63
1719|подтягивания кроссовер|4|260|63
1720|трицепс лямка|6|260|63
1721|пресс||260|63
1722|сед|4|261|64
1723|жим лежа широким хватом|3|261|64
1724|жим лежа широким хватом 2сек|1|261|64
1725|грудь тренажер|4|261|64
1726|пресс||261|64
1727|жим стоя со стоек|3|262|64
1728|отжимания от брусьев|3|262|64
1729|подтягивания узким хвтом|3|262|64
1730|бицепс штанга|8|262|64
1731|пресс||262|64
1732|тяга сумо вис|4|263|64
1733|жим лежа узким хватом|3|263|64
1734|жим лежа узким хватом 2 сек|1|263|64
1735|трицепс гантеля|4|263|64
1736|пресс||263|64